{"name":"FormGitTest1","title":"Form Title","description":"","new_editor":true,"show_title_description":true,"showHeader":false,"showFooter":false,"lang":1,"columns":1,"status":true,"template":0,"limits":0,"fldIndex":16,"captcha":false,"IpTracking":true,"post_data_url":"","send_mail":true,"elements":[[{"FieldTypeName":"Button","properties":{"type":{"title":"Button Type:","type":"select","value":"submit","options":["submit","reset","print","draft","dummy","Salesforce Action","Visual Composer","Go Prev","Go Next","Go to page","Reset signature","Modal signature","Condition","SmartV Logout","Redirect","SSO Logout","XML Parser","Twilio","Close Twilio","Refresh Location","Barcode Scanner"]},"align":{"title":"Button align","type":"select","value":"auto","options":["auto","left","center","right"]},"user_tip":{"title":"User tip","type":"text","value":""},"img_btn_url":{"title":"Choose BackGround Image","type":"imageBackground","value":"","src":""},"default":{"title":"Button text","type":"text","value":"Submit"},"admin_field_only":{"title":"Admin Field","type":"checkbox","value":false},"unique_value":{"title":"Unique value","type":"checkbox","value":false},"confirmation_mode":{"title":"Confirmation mode","type":"checkbox","value":false},"onclick_action":{"title":"On click action","type":"checkbox","value":false},"prop_disabled":{"value":true},"field_id":{"value":true,"id":"fld1"},"styles":{"Container-1621408860730-407-1":{"options":{"top":464,"left":256}},"Button-1621408860730-407-1":{"element":{"font-family":"\"Times New Roman\", TimesNewRoman, Times, Baskerville, Georgia, serif","font-size":"16px","color":"rgba(227,68,68,1)","size":"custom","width":"419px","height":"174px","border-style":"solid","border-width":"1px","border-color":"rgba(184,178,178,1)","border-radius":"6px","background":"#000000","background-color":"rgba(0,0,0,1)"},"container":{},"options":{"font-size":16,"fontUnit":"px","font":{"unit":"px"}},"type":"GeneralElement","label":{}}},"page":1},"FieldTypeIsLabelAssociated":0,"FieldTypeIsDataContainer":0,"FieldTypeConditionType":null,"uid":"1621408860730-407-1","visible":"show","className":"Button-1621408860730-407-1","classUID":"1621408860730-407-1","storedSize":{"styles":{"width":419,"height":174}},"hidePreview":false},{"properties":{"label":{"title":"Label","type":"text","value":"Section","isHidden":{"top":false,"left":true,"right":true,"bottom":true}},"columns":{"type":"select","title":"Columns","value":2,"options":[1,2,3,4]},"section_rows":{"type":"select","title":"Rows","value":1,"options":[1,2,3,4,5,6,7,8,9,10]},"elements":{"hide":true,"value":[[[{"properties":{"type":{"title":"Button Type:","type":"select","value":"Condition","options":["submit","reset","print","draft","dummy","Salesforce Action","Visual Composer","Go Prev","Go Next","Go to page","Reset signature","Modal signature","Condition","SmartV Logout","Redirect","SSO Logout","XML Parser","Twilio","Close Twilio","Refresh Location","Barcode Scanner","AllScripts"]},"align":{"title":"Button align","type":"select","value":"auto","options":["auto","left","center","right"]},"user_tip":{"title":"User tip","type":"text","value":"tip1"},"img_btn_url":{"title":"Choose BackGround Image","type":"imageBackground","value":"","src":""},"default":{"title":"Button text","type":"text","value":"condition button with sf"},"admin_field_only":{"title":"Admin Field","type":"checkbox","value":false},"unique_value":{"title":"Unique value","type":"checkbox","value":false},"confirmation_mode":{"title":"Confirmation mode","type":"checkbox","value":false},"onclick_action":{"title":"On click action","type":"checkbox","value":false},"prop_disabled":{"value":true},"field_id":{"value":true,"id":"fld3"},"isSetOrder":true,"subIndex":1,"styles":{"Container-1621409033839-177-2":{"options":{"top":31,"left":37,"width":250,"taborder":3},"container":{}}},"resultCondition":[{"uid":"1621409038388-540-3","status":"setvalue","type":"Textbox","static_value":"111"},{"uid":"1621409042142-462-4","status":"setvalue","type":"Numeric","static_value":"111"},{"settings":{"title":"asdasd","width":"200","height":"250","position":"top","html":"<p>message 111111111111111111111111111111111</p>"},"type":"custom_message","status":"configured","uid":"custom_func"},{"FieldTypeName":"Conditional","properties":{"ruleUID":"1621409431791-818-12","pushActions":{"items":{"1621409438810-41-130":{"uid":"1621409438810-41-130","label":"Lead (get) ","isGetIntegration":true,"orderProcess":"1"}},"goToPage":"next","redirect":{"executeInBackground":true,"customExecutionOrder":true,"requestOptimization":true}}},"parentSectionUID":"1621409030259-245-1","type":"custompush","status":"configured","uid":"custom_func"}]},"isNew":true,"uid":"1621409033839-177-2","visible":"show","FieldTypeID":20,"FieldTypeName":"Button","FieldTypeDescription":"a press-able item for submitting the form, clearing it or printing","FieldTypeIsDataContainer":0,"FieldTypeIsForForm":1,"FieldTypeIsForReport":0,"FieldTypeConditionType":null,"FieldTypeIsBasic":0,"FieldTypeOrder":14,"FieldTypeIsLabelAssociated":0,"FieldTypeFormBuilderType":0,"FieldTypeReportBuilderType":null,"subtype":"CustomButton","row":2,"storedSize":{"styles":{"width":250,"height":40}},"parentSectionUID":"1621409030259-245-1","className":"Button-1621409033839-177-2","classUID":"1621409033839-177-2","hidePreview":false},{"properties":{"fieldtype":"string","label":{"title":"Label","type":"text","value":"This is textbox","isHidden":{"top":false,"left":true,"right":true,"bottom":true}},"placeholder_field":{"title":"Placeholder","type":"text","value":""},"default":{"id":"textbox","title":"Default value","type":"text","value":"","data":true,"hide":false},"placeholder":{"value":"","check":true},"is_mandatory":{"title":"Mandatory","type":"checkbox","value":false},"user_tip":{"title":"User tip","type":"text","value":""},"admin_field_only":{"title":"Admin Field","type":"checkbox","value":false},"unique_value":{"title":"Unique value","type":"checkbox","value":false},"limit_chars":{"title":"Maximum Length","type":"text"},"valuerule":{"value":true},"condition":{"value":true},"size":{"value":"large","hide":true},"field_id":{"title":"Field ID","value":true,"id":"fld4"},"mask":{"title":"Field mask","type":"text","value":""},"use_mask_value":{"title":"Use mask value","type":"checkbox","value":false},"clear_mask_placeholder":{"title":"Auto clear placeholder","type":"checkbox","value":false},"autofocus":{"title":"Auto Focus","type":"checkbox","value":false},"password_mode":{"title":"Password mode","type":"checkbox","value":false},"numeric_keyboard":{"title":"Numeric keyboard","type":"checkbox","value":false},"decode_special_chars":{"title":"Decode special chars","type":"checkbox","value":false},"isSetOrder":true,"subIndex":1,"styles":{"Container-1621409038388-540-3":{"options":{"top":95,"left":26,"width":250,"taborder":4},"container":{}}},"tag_value":"txt","enabledFloatingLabel":false},"isNew":true,"uid":"1621409038388-540-3","visible":"show","FieldTypeID":2,"FieldTypeName":"Textbox","FieldTypeDescription":"input box for entering alphanumeric data","FieldTypeIsDataContainer":1,"FieldTypeIsForForm":1,"FieldTypeIsForReport":0,"FieldTypeConditionType":1,"FieldTypeIsBasic":1,"FieldTypeOrder":3,"FieldTypeIsLabelAssociated":1,"FieldTypeFormBuilderType":0,"FieldTypeReportBuilderType":null,"row":2,"storedSize":{"styles":{"width":250,"height":88}},"parentSectionUID":"1621409030259-245-1","hidePreview":false,"className":"Textbox-1621409038388-540-3","classUID":"1621409038388-540-3","valueRule":[{"rule_order":1,"description":"","result":[{"defaultErrorMessage":true,"customErrorMessage":""}],"conditions":[{"operator":"equalsnotcase","value":"Yair","postCondition":"","startBracelet":false,"endBracelet":false}],"customUserMessage":"should equal yair","uid":"1621409801270-536-15"}]},{"properties":{"fieldtype":"int","label":{"title":"Label","type":"text","value":"this is numeric","isHidden":{"top":false,"left":true,"right":true,"bottom":true}},"placeholder_field":{"title":"Placeholder","type":"text","value":""},"default":{"id":"numeric","title":"Default value","type":"number","value":50,"data":true,"hide":false},"is_mandatory":{"title":"Mandatory","type":"checkbox","value":true},"user_tip":{"title":"User tip","type":"text","value":""},"type":{"title":"Type","type":"select","value":"integer","options":["integer","decimal"]},"min":{"title":"Min","type":"number","value":0},"max":{"title":"Max","type":"number","value":10000},"label_align":{"title":"Label align","type":"select","value":"auto","options":["auto","left","center","right"]},"hide_label":{"title":"Hide Label","type":"checkbox","value":false,"keys":{"label":true,"label_align":true}},"align":{"title":"Numeric align","type":"select","value":"left","options":["auto","left","center","right"]},"admin_field_only":{"title":"Admin Field","type":"checkbox","value":false},"unique_value":{"title":"Unique value","type":"checkbox","value":false},"valuerule":{"value":true},"condition":{"value":true},"field_id":{"value":true,"id":"fld5"},"autofocus":{"title":"Auto Focus","type":"checkbox","value":false},"decimalDigits":{"title":"Decimal digits","type":"number","value":0},"accurate_mode":{"title":"Accurate JS mode","type":"checkbox","value":false},"number_format":{"title":"PDF Format","value":""},"numeric_keyboard":{"title":"Numeric keyboard","type":"checkbox","value":false},"isSetOrder":true,"subIndex":1,"styles":{"Container-1621409042142-462-4":{"options":{"top":31,"left":420,"width":250,"taborder":5},"container":{}}},"tag_value":"num","enabledFloatingLabel":false},"isNew":true,"uid":"1621409042142-462-4","visible":"show","FieldTypeID":19,"FieldTypeName":"Numeric","FieldTypeDescription":"input box for entering numeric data","FieldTypeIsDataContainer":1,"FieldTypeIsForForm":1,"FieldTypeIsForReport":0,"FieldTypeConditionType":2,"FieldTypeIsBasic":0,"FieldTypeOrder":4,"FieldTypeIsLabelAssociated":1,"FieldTypeFormBuilderType":0,"FieldTypeReportBuilderType":null,"row":2,"storedSize":{"styles":{"width":250,"height":88}},"parentSectionUID":"1621409030259-245-1","hidePreview":false,"className":"Numeric-1621409042142-462-4","classUID":"1621409042142-462-4","valueRule":[{"rule_order":1,"description":"","result":[{"defaultErrorMessage":true,"customErrorMessage":""}],"conditions":[{"operator":"greaterThan","value":"10","postCondition":"","startBracelet":false,"endBracelet":false}],"customUserMessage":"some message on value rule 1","uid":"1621409801270-48-15"}]},{"properties":{"show_modal":{"title":"Configure","type":"calc_button"},"default":{"data":true},"expression":"&lt;span contenteditable=&quot;false&quot; data-uid=&quot;{1621409042142-462-4}&quot; class=&quot;highlight&quot;&gt;Numeric&lt;/span&gt;&amp;nbsp;sdfsdf&amp;nbsp;&lt;span contenteditable=&quot;false&quot; data-uid=&quot;{1621409038388-540-3}&quot; class=&quot;highlight&quot;&gt;Textbox&lt;/span&gt;","expression_text":"{1621409042142-462-4} sdfsdf {1621409038388-540-3}","fields":[],"label":{"title":"Label","type":"text","value":"Regular string calculated","hide":false,"isHidden":{"top":false,"left":true,"right":true,"bottom":true}},"label_align":{"title":"Label align","type":"select","value":"auto","options":["auto","left","center","right"],"hide":false},"hide_label":{"title":"Hide Label","type":"checkbox","value":false,"keys":{"label":true,"label_align":true}},"align":{"title":"Calculate Field Align","type":"select","value":"auto","options":["auto","left","center","right"]},"user_tip":{"title":"User tip","type":"text","value":"","hide":false},"valuerule":{"value":true},"condition":{"value":true},"field_id":{"value":true,"id":"fld6"},"number_format":{"title":"PDF Format","value":""},"isSetOrder":true,"subIndex":1,"styles":{"Container-1621409056979-265-5":{"options":{"top":200,"left":37,"width":250,"taborder":6},"container":{}}},"stringMode":true,"advancedScript":"/**\nJS functions index\nhttps://support.formtitan.com/topics/working_with_the_form_builder/JS_functions_index\n*/\n\n(function(){\nvar result;\n//your code\nreturn result;\n})()\n"},"isNew":true,"uid":"1621409056979-265-5","visible":"show","FieldTypeID":24,"FieldTypeName":"Calculated","FieldTypeDescription":"http://www.jotform.com/blog/97-Introducing-Field-Calculations-for-Forms","FieldTypeIsDataContainer":1,"FieldTypeIsForForm":1,"FieldTypeIsForReport":0,"FieldTypeConditionType":2,"FieldTypeIsBasic":0,"FieldTypeOrder":4,"FieldTypeIsLabelAssociated":1,"FieldTypeFormBuilderType":2,"FieldTypeReportBuilderType":2,"row":2,"storedSize":{"styles":{"width":250,"height":88}},"parentSectionUID":"1621409030259-245-1","hidePreview":false,"className":"Calculated-1621409056979-265-5","classUID":"1621409056979-265-5"},{"properties":{"show_modal":{"title":"Configure","type":"calc_button"},"default":{"data":true},"expression":"","expression_text":"","fields":[],"label":{"title":"Label","type":"text","value":"JS Calculated","hide":false,"isHidden":{"top":false,"left":true,"right":true,"bottom":true}},"label_align":{"title":"Label align","type":"select","value":"auto","options":["auto","left","center","right"],"hide":false},"hide_label":{"title":"Hide Label","type":"checkbox","value":false,"keys":{"label":true,"label_align":true}},"align":{"title":"Calculate Field Align","type":"select","value":"auto","options":["auto","left","center","right"]},"user_tip":{"title":"User tip","type":"text","value":"","hide":false},"valuerule":{"value":true},"condition":{"value":true},"field_id":{"value":true,"id":"fld7"},"number_format":{"title":"PDF Format","value":""},"isSetOrder":true,"subIndex":2,"styles":{"Container-1621409072095-110-7":{"options":{"top":288,"left":37,"width":250,"taborder":6},"container":{}}},"stringMode":false,"advancedScript":"/**\nJS functions index\nhttps://support.formtitan.com/topics/working_with_the_form_builder/JS_functions_index\n*/\n\n(function(){\nvar result;\n//your code\nreturn result;\n})()\n\n/**\nJS functions index\nhttps://support.formtitan.com/topics/working_with_the_form_builder/JS_functions_index\n*/\n/**\nJS functions index\nhttps://support.formtitan.com/topics/working_with_the_form_builder/JS_functions_index\n*/","advancedMode":true,"hashUsedField":{},"functionMode":false},"isNew":true,"visible":"show","FieldTypeID":24,"FieldTypeName":"Calculated","FieldTypeDescription":"http://www.jotform.com/blog/97-Introducing-Field-Calculations-for-Forms","FieldTypeIsDataContainer":1,"FieldTypeIsForForm":1,"FieldTypeIsForReport":0,"FieldTypeConditionType":2,"FieldTypeIsBasic":0,"FieldTypeOrder":4,"FieldTypeIsLabelAssociated":1,"FieldTypeFormBuilderType":2,"FieldTypeReportBuilderType":2,"row":2,"storedSize":{"styles":{"width":250,"height":88}},"parentSectionUID":"1621409030259-245-1","hidePreview":false,"className":"Calculated-1621409072095-110-7","classUID":"1621409072095-110-7","uid":"1621409072095-110-7"},{"properties":{"label":{"title":"Label","type":"text","value":"Lead lookup + 2 fields","isHidden":{"top":false,"left":true,"right":true,"bottom":true}},"is_mandatory":{"title":"Mandatory","type":"checkbox","value":false},"user_tip":{"title":"User tip","type":"text","value":""},"admin_field_only":{"title":"Admin Field","type":"checkbox","value":false},"text":{"title":"Text","type":"text","value":""},"default":{"title":"Value","type":"text","value":""},"unique_value":{"title":"Unique value","type":"checkbox","value":false},"valuerule":{"value":true},"condition":{"value":true},"configure_lookup":{},"placeholder_field":{"title":"Placeholder","type":"text","value":""},"field_id":{"advance":true,"value":true,"id":"fld12"},"dateFormat":{"title":"Date format","value":""},"interactive":{"title":"Auto Suggest","type":"checkbox","value":true},"isSetOrder":true,"page":2,"subIndex":1,"styles":{"Container-1621409255078-506-11":{"options":{"top":161,"left":383,"width":287,"taborder":12},"container":{}}},"tag_value":"lookup","enabledFloatingLabel":false},"isNew":true,"uid":"1621409255078-506-11","visible":"show","FieldTypeID":62,"FieldTypeName":"Lookup","FieldTypeDescription":"Lookup","FieldTypeIsDataContainer":1,"FieldTypeIsForForm":1,"FieldTypeIsForReport":0,"FieldTypeConditionType":1,"FieldTypeIsBasic":1,"FieldTypeOrder":3,"FieldTypeIsLabelAssociated":1,"FieldTypeFormBuilderType":3,"FieldTypeReportBuilderType":null,"row":2,"storedSize":{"styles":{"width":287,"height":88}},"parentSectionUID":"1621409030259-245-1","hidePreview":false,"className":"Lookup-1621409255078-506-11","classUID":"1621409255078-506-11","lookupConfigs":{"platform":"prod","sfAction":{"multiMatchs":"all","anyMatch":"skip","gridFields":{},"uid":"1621409258104-360-131","showLoadingMessage":false,"loadingMessage":"","processOnload":true,"lookup":true,"isCacheMetadata":true,"platform":"prod","references":{},"customMapping":{},"isMapped":false,"sobject":"Lead","sobjectLabel":"Lead","updateCondition":[{"conditions":[{"name":"LastName","conditionType":"string","operator":"notequal","staticValue":"AAAA","uid":"static"}]}],"limits":"5","created":true},"fields":{"Id":{"label":"Lead ID"},"Name":{"label":"Full Name"},"MobilePhone":{"label":"Mobile Phone","type":"phone"},"Email":{"label":"Email","type":"email"}},"value":"Id","text":"Name"}},{"properties":{"key":{"title":"Name","type":"text","value":"Key"},"use_system_value":{"value":""},"use_value_from":{"title":"Use value from","type":"text","value":"","placeholder":"Please type field id, eg fld12"},"value":{"title":"Value","type":"text","value":""},"field_id":{"value":true,"id":"fld16"},"isSetOrder":true,"page":2,"subIndex":1,"styles":{"Container-1621409878254-822-15":{"options":{"top":265,"left":391,"width":250,"taborder":16},"container":{}}},"payment":{"use":true}},"isNew":true,"uid":"1621409878254-822-15","visible":"show","FieldTypeID":35,"FieldTypeName":"Hidden","FieldTypeDescription":"name,value propertesonly, it will be hidden from users,will be post to server","FieldTypeIsDataContainer":1,"FieldTypeIsForForm":1,"FieldTypeIsForReport":0,"FieldTypeConditionType":1,"FieldTypeIsBasic":0,"FieldTypeOrder":8,"FieldTypeIsLabelAssociated":0,"FieldTypeFormBuilderType":1,"FieldTypeReportBuilderType":null,"row":2,"storedSize":{"styles":{"width":250,"height":40}},"parentSectionUID":"1621409030259-245-1","className":"Hidden-1621409878254-822-15","classUID":"1621409878254-822-15","hidePreview":false}],[]]]},"repeat":{"title":"Repeated","type":"checkbox","value":false,"origin":true},"enable_tabs":{"title":"Enable Tabs","type":"checkbox","items":[],"value":false},"enable_collapse":{"title":"Enable Collapse","type":"checkbox","label":"Open section","expand":"+","collapse":"-","items":[],"value":false},"AddButtonText":{"title":"Add Button Text","type":"text","value":"Add"},"RemoveButtonText":{"title":"Remove Button Text","type":"text","value":"Remove"},"field_id":{"value":true,"id":"fld2"},"num_of_display":{"title":"Num of visible items","type":"text","value":1},"half_view":{"title":"Half view","type":"checkbox","value":false},"num_of_max_items":{"title":"Max items","type":"text","value":0},"space_between_sections":{"title":"Repeat margin","type":"number","value":30},"populate_items_tabs":{"title":"Populate items","type":"checkbox","items":[],"value":false},"show_item_number":{"title":"Show item number","type":"checkbox","items":[],"value":false},"show_label":{"title":"Show label","type":"checkbox","items":[],"value":false},"show_remove_last":{"title":"Show remove for last","type":"checkbox","items":[],"value":false},"update_origin_data":{"title":"Repeat mapped data","type":"checkbox","items":[],"value":false},"infinite_scroll_mode":{"title":"Infinite scroll mode","type":"checkbox","items":[],"value":false},"overflow_scroll":{"title":"Overflow - scroll","type":"checkbox","value":false},"auto_size":{"title":"Auto-Sizing","type":"checkbox","value":false},"collapse_by_default":{"title":"Collapse by default","type":"checkbox","value":false},"break_by":{"title":"Break by","type":"checkbox","value":false},"break_by_label":{"title":"Use Label of break by from","type":"checkbox","value":false},"section_map_tab_name":{"title":"Map Tab name to","type":"checkbox","value":false},"conditional_size":{"title":"Conditional size","type":"checkbox","value":false},"force_LTR_label":{"title":"Force LTR text","type":"checkbox","value":false},"isSetOrder":true,"subIndex":1,"styles":{"Container-1621409030259-245-1":{"options":{"top":56,"left":105,"width":200,"taborder":2,"widthUnit":"px","heightUnit":"px"},"container":{"background-color":"rgb(118,164,232)","width":"721px","height":"383px","background":"rgb(118,164,232)"},"element":{"width":"200px","height":"200px","size":"custom","background-color":"rgb(118,164,232)"}}},"page":1},"isNew":true,"uid":"1621409030259-245-1","visible":"show","FieldTypeID":29,"FieldTypeName":"Section","FieldTypeDescription":"like what we did + it got label, dont got mandatory..","FieldTypeIsDataContainer":0,"FieldTypeIsForForm":1,"FieldTypeIsForReport":0,"FieldTypeConditionType":null,"FieldTypeIsBasic":0,"FieldTypeOrder":11,"FieldTypeIsLabelAssociated":0,"FieldTypeFormBuilderType":1,"FieldTypeReportBuilderType":1,"row":1,"storedSize":{"styles":{"width":721,"height":383}},"hidePreview":false,"className":"Section-1621409030259-245-1"},{"properties":{"label":{"title":"Label","type":"text","value":"Page","isHidden":{"top":false,"left":true,"right":true,"bottom":true}},"pager_text":{"title":"Pager text","type":"text","value":"Page"},"back_button":{"title":"Back button","type":"text","value":"Back"},"next_button":{"title":"Next button","type":"text","value":"Next"},"finish_button":{"title":"Finish button","type":"text","value":"Finish"},"label_align":{"title":"Label align","type":"select","value":"auto","options":["auto","left","center","right"]},"hide_label":{"title":"Hide Label","type":"checkbox","value":false,"keys":{"label":true,"label_align":true}},"name":{"type":"text","title":"Name","hide":true,"value":""},"page":{"hide":true,"value":1},"default":{"title":"Value","type":"text","value":"","hide":true},"header":{"title":"Edit Header","type":"ins_button"},"footer":{"title":"Edit Footer","type":"ins_button"},"sticky":{"title":"Sticky to footer","value":true},"hideFinish":{"title":"Hide finish button","value":false},"progress_indicator":{"title":"Show progress indicator","type":"checkbox","value":false},"pagebreak_path":{"title":"Show path","type":"checkbox","value":false},"condition":{"value":true},"skip_validations":{"title":"Skip validations","type":"checkbox","value":false},"disable_path_links":{"title":"Disable path links","type":"checkbox","value":false},"isSetOrder":true,"subIndex":1,"field_id":{"id":"fld9"},"styles":{"Container-1621409160342-440-7":{"options":{"top":633,"left":165,"width":600,"taborder":8},"container":{}}}},"isNew":true,"uid":"1621409160342-440-7","visible":"show","FieldTypeID":30,"FieldTypeName":"PageBreak","FieldTypeDescription":"an element that divides the form into pages","FieldTypeIsDataContainer":0,"FieldTypeIsForForm":1,"FieldTypeIsForReport":0,"FieldTypeConditionType":null,"FieldTypeIsBasic":0,"FieldTypeOrder":12,"FieldTypeIsLabelAssociated":0,"FieldTypeFormBuilderType":1,"FieldTypeReportBuilderType":null,"row":2,"storedSize":{"styles":{"width":1000,"height":57}},"hidePreview":false,"className":"PageBreak-1621409160342-440-7","classUID":"1621409160342-440-7","isNext":true},{"properties":{"fieldtype":"string","label":{"title":"Label","type":"text","value":"Address","isHidden":{"top":false,"left":true,"right":true,"bottom":true}},"street_placeholder":{"title":"Placeholder (Street)","value":"Street Address","type":"text"},"address2_placeholder":{"title":"Placeholder (Address 2)","value":"Address Line 2","type":"text"},"city_placeholder":{"title":"Placeholder (City)","value":"City","type":"text"},"postal_placeholder":{"title":"Placeholder (State)","value":"State / Province / Region","type":"text"},"zip_placeholder":{"title":"Placeholder (Zip code)","value":"Postal / Zip Code","type":"text"},"country_paceholder":{"title":"Placeholder (Country)","value":"-- Select country --","type":"text"},"is_mandatory":{"title":"Mandatory","type":"checkbox","value":false},"user_tip":{"title":"User tip","type":"text","value":""},"label_align":{"title":"Label align","type":"select","value":"auto","options":["auto","left","center","right"]},"hide_label":{"title":"Hide Label","type":"checkbox","value":false,"keys":{"label":true,"label_align":true}},"align":{"title":"Address align","type":"select","value":"auto","options":["auto","left","center","right"]},"admin_field_only":{"title":"Admin Field","type":"checkbox","value":false},"disabled":{"hide":true,"value":true},"size":{"title":"Size","type":"select","value":"small","options":["small","medium","large"]},"address":{"id":"address","title":"Street Address","type":"text","value":"","hide":true,"data":true},"address2":{"id":"address2","title":"Address Line 2","type":"text","value":"","hide":true,"data":true},"city":{"id":"city","title":"City","type":"text","value":"","hide":true,"data":true},"state":{"id":"state","title":"State / Province / Region","type":"text","value":"","hide":true,"data":true},"zipcode":{"id":"zipcode","title":"Postal / Zip Code","hide":true,"data":true},"country":{"id":"country","title":"Country","type":"ngCountrySelect","value":-1,"hide":true,"data":true},"default":{"title":"Default value","type":"text","value":"","hide":true},"unique_value":{"title":"Unique value","type":"checkbox","value":false},"valuerule":{"value":true},"condition":{"value":true},"field_id":{"value":true,"advance":true,"id":"fld13"},"TranslateCountry":{"value":false},"isSetOrder":true,"page":2,"subIndex":1,"styles":{"Container-1621409560439-24-12":{"options":{"top":67,"left":129,"width":510,"taborder":13},"container":{}}}},"isNew":true,"uid":"1621409560439-24-12","visible":"hide","FieldTypeID":16,"FieldTypeName":"Address","FieldTypeDescription":"a ready made element combined from all address fields: street, city, zip...","FieldTypeIsDataContainer":1,"FieldTypeIsForForm":1,"FieldTypeIsForReport":0,"FieldTypeConditionType":1,"FieldTypeIsBasic":1,"FieldTypeOrder":1,"FieldTypeIsLabelAssociated":1,"FieldTypeFormBuilderType":1,"FieldTypeReportBuilderType":null,"row":3,"storedSize":{"styles":{"width":510,"height":238}},"hidePreview":false,"className":"Address-1621409560439-24-12","classUID":"1621409560439-24-12"},{"properties":{"fieldtype":"datetime","label":{"title":"Label","type":"text","value":"DateTime","isHidden":{"top":false,"left":true,"right":true,"bottom":true}},"show_mask":{"title":"Show mask","type":"checkbox","value":true},"is_mandatory":{"title":"Mandatory","type":"checkbox","value":false},"user_tip":{"title":"User tip","type":"text","value":""},"format":{"title":"Format","type":"select","value":"MM/dd/yyyy","options":["MM/dd/yyyy","dd/MM/yyyy"]},"time_format":{"title":"Time Format","type":"select","value":"12","options":["24","12"]},"label_align":{"title":"Label align","type":"select","value":"auto","options":["auto","left","center","right"]},"hide_label":{"title":"Hide Label","type":"checkbox","value":false,"keys":{"label":true,"label_align":true}},"align":{"title":"DateTime align","type":"select","value":"auto","options":["auto","left","center","right"]},"admin_field_only":{"title":"Admin Field","type":"checkbox","value":false},"time":{"id":"time","title":"Time","value":{"hours":"","minutes":""},"hide":true},"setCurrentTime":{"type":"checkbox","value":false},"defaultYear":{"title":"Default Year","type":"text","value":""},"default":{"id":"datetime","title":"Default value","type":"date","hide":true,"data":true},"unique_value":{"title":"Unique value","type":"checkbox","value":false},"valuerule":{"value":true},"condition":{"value":true},"field_id":{"value":true,"advance":true,"id":"fld14"},"split_mode":{"title":"Split mode","type":"checkbox","value":false},"use_utc":{"title":"UTC mode","type":"checkbox","value":false},"isSetOrder":true,"page":2,"subIndex":1,"styles":{"Container-1621409563496-176-13":{"options":{"top":305,"left":129,"width":510,"taborder":14},"container":{}}}},"isNew":true,"uid":"1621409563496-176-13","visible":"hide","FieldTypeID":9,"FieldTypeName":"DateTime","FieldTypeDescription":"a ready made element combined from 2 fields:date and time","FieldTypeIsDataContainer":1,"FieldTypeIsForForm":1,"FieldTypeIsForReport":0,"FieldTypeConditionType":3,"FieldTypeIsBasic":1,"FieldTypeOrder":3,"FieldTypeIsLabelAssociated":1,"FieldTypeFormBuilderType":1,"FieldTypeReportBuilderType":1,"row":4,"storedSize":{"styles":{"width":510,"height":156}},"hidePreview":false,"className":"DateTime-1621409563496-176-13","classUID":"1621409563496-176-13"},{"properties":{"fieldtype":"int","label":{"title":"Label","type":"text","value":"Price","isHidden":{"top":false,"left":true,"right":true,"bottom":true}},"placeholder_field":{"title":"Placeholder","value":"","type":"text"},"currency":{"title":"Currency Format","type":"selectbox","value":0,"label":"$ Dollars","options":["$ Dollars","€ Euros","฿ Baht","Ft Forint","CHF Francs","Kč Koruna","kr Krona","$ Pesos","£ Pounds Sterling","RM Ringgit","₪ Shekel","¥ Yen","zł Złoty"]},"currencyIsShow":{"title":"Show currency","type":"checkbox","value":true},"min":{"title":"Min Value","type":"number","value":0},"max":{"title":"Max Value","type":"number","value":10000},"is_mandatory":{"title":"Mandatory","type":"checkbox","value":false},"user_tip":{"title":"User tip","type":"text","value":""},"label_align":{"title":"Label align","type":"select","value":"auto","options":["auto","left","center","right"]},"hide_label":{"title":"Hide Label","type":"checkbox","value":false,"keys":{"label":true,"label_align":true}},"align":{"title":"Price align","type":"select","value":"auto","options":["auto","left","center","right"]},"admin_field_only":{"title":"Admin Field","type":"checkbox","value":false},"unique_value":{"title":"Unique value","type":"checkbox","value":false},"cents_fields":{"type":"select","value":0,"hide":true,"options":["Satang","Cents","Cents","Filler","Rappen","Haléřů","Ore","Cents","Pence","Sen","Agora","Yen","Grosz"]},"symbols":{"type":"select","value":0,"hide":true,"options":["$","€","฿","Ft","CHF","Kč","kr","$","£","RM","₪","¥","zł"]},"default":{"id":"price","title":"Default value","type":"number","hide":false,"data":true},"valuerule":{"value":true},"condition":{"value":true},"field_id":{"value":true,"id":"fld15"},"autofocus":{"title":"Auto Focus","type":"checkbox","value":false},"decimalDigits":{"title":"Decimal digits","type":"number","value":0},"accurate_mode":{"title":"Accurate JS mode","type":"checkbox","value":false},"number_format":{"title":"PDF Format","value":""},"isSetOrder":true,"page":2,"subIndex":1,"styles":{"Container-1621409566768-96-14":{"options":{"top":479,"left":129,"width":250,"taborder":15},"container":{}}},"enabledFloatingLabel":false},"isNew":true,"uid":"1621409566768-96-14","visible":"hide","FieldTypeID":13,"FieldTypeName":"Price","FieldTypeDescription":"a special element for collecting prices according to chosen currency","FieldTypeIsDataContainer":1,"FieldTypeIsForForm":1,"FieldTypeIsForReport":0,"FieldTypeConditionType":2,"FieldTypeIsBasic":1,"FieldTypeOrder":7,"FieldTypeIsLabelAssociated":1,"FieldTypeFormBuilderType":1,"FieldTypeReportBuilderType":null,"row":5,"storedSize":{"styles":{"width":250,"height":88}},"hidePreview":false,"className":"Price-1621409566768-96-14","classUID":"1621409566768-96-14"},{"properties":{"label":{"title":"Label","type":"text","value":"Page","isHidden":{"top":false,"left":true,"right":true,"bottom":true}},"pager_text":{"title":"Pager text","type":"text","value":"Page"},"back_button":{"title":"Back button","type":"text","value":"Back"},"next_button":{"title":"Next button","type":"text","value":"Next"},"finish_button":{"title":"Finish button","type":"text","value":"Finish"},"label_align":{"title":"Label align","type":"select","value":"auto","options":["auto","left","center","right"]},"hide_label":{"title":"Hide Label","type":"checkbox","value":false,"keys":{"label":true,"label_align":true}},"name":{"type":"text","title":"Name","hide":true,"value":""},"page":{"hide":true,"value":2},"default":{"title":"Value","type":"text","value":"","hide":true},"header":{"title":"Edit Header","type":"ins_button"},"footer":{"title":"Edit Footer","type":"ins_button"},"sticky":{"title":"Sticky to footer","value":true},"hideFinish":{"title":"Hide finish button","value":false},"progress_indicator":{"title":"Show progress indicator","type":"checkbox","value":false},"pagebreak_path":{"title":"Show path","type":"checkbox","value":false},"condition":{"value":true},"skip_validations":{"title":"Skip validations","type":"checkbox","value":false},"disable_path_links":{"title":"Disable path links","type":"checkbox","value":false},"isSetOrder":true,"field_id":{"id":"fld10"},"styles":{"Container-1621409162243-912-10":{"options":{"top":633,"left":165,"width":600,"taborder":8},"container":{}}}},"isNew":true,"visible":"hide","FieldTypeID":30,"FieldTypeName":"PageBreak","FieldTypeDescription":"an element that divides the form into pages","FieldTypeIsDataContainer":0,"FieldTypeIsForForm":1,"FieldTypeIsForReport":0,"FieldTypeConditionType":null,"FieldTypeIsBasic":0,"FieldTypeOrder":12,"FieldTypeIsLabelAssociated":0,"FieldTypeFormBuilderType":1,"FieldTypeReportBuilderType":null,"row":2,"storedSize":{"styles":{"width":1000,"height":57}},"hidePreview":false,"className":"PageBreak-1621409162243-912-10","classUID":"1621409162243-912-10","isNext":false,"uid":"1621409162243-912-10"}],[],[],[]],"customEmailToFormOwner":{"isCustomEmailToFormOwner":true,"settings":{},"expression":"this is custom email to owner&nbsp;<span contenteditable=\"false\" data-uid=\"{1621409038388-540-3}\" class=\"highlight\">txt</span>&nbsp;&nbsp;<span contenteditable=\"false\" data-uid=\"{1621409042142-462-4}\" class=\"highlight\">num</span>&nbsp;&nbsp;<span contenteditable=\"false\" data-uid=\"{1621409056979-265-5}\" class=\"highlight\">Regular string calculated</span>","expression_text":"this is custom email to owner&nbsp;{1621409038388-540-3}&nbsp;&nbsp;{1621409042142-462-4}&nbsp;&nbsp;{1621409056979-265-5}","uids":{"1621409038388-540-3":true,"1621409042142-462-4":true,"1621409056979-265-5":true}},"additionalEmails":true,"customEmailFormat":{"isCustomEmail":false,"expression":"","expression_text":""},"isReplyToEmail":true,"replyToEmail":"titan@formtitan.com","additionalEmailsList":"yairk@formtitan.com","additional_mails":"","custom_mail_format":"","redirect_url":"www.docstitan.com","redirectToUrl":true,"confirmation_text":"","confirmationText":false,"form_time_zone":2,"auto_translation":false,"delete_button_with_confirmation":"","user_notice":false,"unique_submission":false,"quota_limit":false,"quota_limit_count":0,"availableDateFrom":"2021-05-19T07:11:40.580Z","availableDateTo":"2021-05-19T07:11:40.580Z","availableFromTo":false,"disable":false,"acceleration":false,"chats":true,"heatmap":false,"randomize":false,"save2db":false,"autotranslate":false,"google_prediction":false,"geo_ip":false,"abTestingEnable":false,"typeOfForm":{"id":9},"rules":[],"valueRule":[],"formUrlExtension":"ftd7546ade1621408860059","validIndicator":true,"errorIndicator":true,"dontSaveData":false,"generateBarCode":false,"usability":false,"seo":{"title":"","description":"","keywords":""},"submit":{"value":"Submit Form"},"securedLogo":false,"autocorrectForMobile":false,"customSubject":{"expression":"some subject 1","expression_text":"some subject 1","showEditor":true,"propertyName":"customSubject","settings":{},"uids":{}},"customHeader":{"expression":null,"expression_text":null,"showEditor":true},"customFooter":{"expression":null,"expression_text":null,"showEditor":false},"direction":{"isChecked":false,"value":"ltr"},"styles":{},"panelSettings":{"toolbar":{"isHide":true}},"PageBreak":{"header":"","footer":""},"ver":2,"abTestingConfig":{"forms":[]},"footer":{"elements":[{"FieldTypeName":"Button","properties":{"type":{"title":"Button Type:","type":"select","value":"submit","options":["submit","reset","print","draft","dummy","Salesforce Action","Visual Composer","Go Prev","Go Next","Go to page","Reset signature","Modal signature","Condition","SmartV Logout","Redirect","SSO Logout","XML Parser","Twilio","Close Twilio","Refresh Location","Barcode Scanner"]},"align":{"title":"Button align","type":"select","value":"auto","options":["auto","left","center","right"]},"user_tip":{"title":"User tip","type":"text","value":""},"img_btn_url":{"title":"Choose BackGround Image","type":"imageBackground","value":"","src":""},"default":{"title":"Button text","type":"text","value":"Submit"},"admin_field_only":{"title":"Admin Field","type":"checkbox","value":false},"unique_value":{"title":"Unique value","type":"checkbox","value":false},"confirmation_mode":{"title":"Confirmation mode","type":"checkbox","value":false},"onclick_action":{"title":"On click action","type":"checkbox","value":false},"prop_disabled":{"value":true},"field_id":{"value":true}}}],"sortableOptions":{"connectWith":".elements-list","placeholder":"placeholder-element","handle":".formElementHandle,#moveElement,.form-element","appendTo":"body","revert":"invalid","revertDuration":800,"scroll":false,"cursor":"move","delay":150}},"testing":{"list":[{"value":0,"label":"item1"},{"value":1,"label":"item2"}]},"analytics":{"viewID":""},"personalization":{"language":{"code":"ar","name":"Arabic","nativeName":"العربية"},"timezone":{"value":"Central America Standard Time","abbr":"CAST","offset":-6,"isdst":false,"text":"(UTC-06:00) Central America"},"geolocation":false,"submitMsg":"Submitting your form111 ...","showOptionalLabel":{"value":false,"label":"(Optional)"},"showMandatoryExplanation":{"value":false,"text":"* is mandatory field"},"firstDayOfWeek":"0","customGoogleApiKey":"abcdefg","customGoogleRegion":"AM"},"autofilter":false,"currentDevice":"Desktop","pagerCount":2,"enabledVersions":true,"formVersionSettings":{"isUseGit":true,"repo":"FormGitTest1","branch":"main"},"ruller":{"leftLines":{},"topLines":{}},"ThemeID":511912,"isValidRule":0,"croNotifycation":{"cro":15},"ownrUrlExtension":"yairktitandemo","id":"1046597","selectedFieldTypesList":{},"isCached":false,"isCachedHQImage":false,"fillIntegration":{"salesforce":{"permissions":true,"platform":"prod","sfListActions":[{"multiMatchs":"first","anyMatch":"skip","gridFields":{"default#-#1621409255078-506-11":"Id","text#-#1621409255078-506-11":"Name"},"uid":"1621409438810-41-130","showLoadingMessage":true,"loadingMessage":"Loading...","customSkipMessage":"Skipped ...","isSFGetIntegration":true,"platform":"prod","references":{},"customMapping":{},"isMapped":true,"sobject":"Lead","sobjectLabel":"Lead","updateCondition":[{"conditions":[{"name":"Id","operator":"isnotempty"}]}],"childrens":[],"isChild":false,"processOnCustomButton":true},{"anyMatch":"skip","childrens":[],"comment":"Word mapping","customSkipMessage":"Skipped ...","gridFields":{},"isSFGetIntegration":true,"loadingMessage":"Loading...","multiMatchs":"first","platform":"prod","processOnCustomButton":true,"showLoadingMessage":true,"sobject":"Contact","sobjectLabel":"Contact","uid":"1621410987229-758-657"},{"anyMatch":"skip","childrens":[],"comment":"Word mapping","customSkipMessage":"Skipped ...","gridFields":{},"isSFGetIntegration":true,"loadingMessage":"Loading...","multiMatchs":"first","platform":"prod","processOnCustomButton":true,"showLoadingMessage":true,"sobject":"Family_Member__c","sobjectLabel":"Family_Member__c","uid":"1621410987229-863-97"},{"anyMatch":"skip","childrens":[],"comment":"Word mapping","customSkipMessage":"Skipped ...","gridFields":{},"isSFGetIntegration":true,"loadingMessage":"Loading...","multiMatchs":"first","platform":"prod","processOnCustomButton":true,"showLoadingMessage":true,"sobject":"Pet__c","sobjectLabel":"Pet__c","uid":"1621410987229-207-327"},{"anyMatch":"skip","childrens":[],"comment":"Word mapping","customSkipMessage":"Skipped ...","gridFields":{},"isSFGetIntegration":true,"loadingMessage":"Loading...","multiMatchs":"first","platform":"prod","processOnCustomButton":true,"showLoadingMessage":true,"sobject":"Account","sobjectLabel":"Account","uid":"1621411054965-347-931"}]}},"coBrowsing":true,"hideTranslationBar":true,"customtranslate":true,"customTranslateParams":{"af":{"1621408860730-407-1":{"default":"bamba","user_tip":"bamba"},"1621409033839-177-2":{"default":"condition button with sf","user_tip":"tip1"},"1621409038388-540-3":{"label":"This is textbox","placeholder_field":"","user_tip":"","rule_1621409801270-536-15":"should equal yair"},"1621409042142-462-4":{"label":"this is numeric","placeholder_field":"","user_tip":"","rule_1621409801270-48-15":"some message on value rule 1"},"1621409056979-265-5":{"label":"Regular string calculated","user_tip":""},"1621409072095-110-7":{"label":"JS Calculated","user_tip":""},"1621409255078-506-11":{"label":"Lead lookup + 2 fields","placeholder_field":"","user_tip":""},"1621409560439-24-12":{"label":"Address","user_tip":"","street_placeholder":"Street Address","address2_placeholder":"Address Line 2","city_placeholder":"City","postal_placeholder":"State / Province / Region","zip_placeholder":"Postal / Zip Code","country_paceholder":"-- Select country --"},"1621409563496-176-13":{"label":"DateTime","user_tip":""},"1621409566768-96-14":{"label":"Price","placeholder_field":"","user_tip":""},"customParametrsTranslation":{"getIntegration":{"1621409438810-41-130":{"get_disable_modal":"Loading...","skip_message":"Skipped ..."}}}}},"isSFLWC":false,"isSFAuthToken":false,"isSFCanvas":false,"allowPostMessage":true,"limitURLParams":true,"postMessageSettings":{"params":{"1621409038388-540-3":{"use":true,"name":"aaa"}},"allowDomain":"*","formSIzePostMessage":true,"onlyFormHeight":true,"autoScrollToTop":true},"sfLWCSettings":{"useSFSession":true,"marRecordIDTo":"1621409878254-822-15"},"limitURLParamsSettings":{"params":{"1621409042142-462-4":{"use":true,"name":"numnum1"}}},"paymentEnable":true,"paymentConfig":{"products":{},"usePayment":{"card":true},"stripe":{"key":"","plaidSecretKey":"","encryptKey":false},"icredit":{"encryptKey":false},"mollie":{"encryptKey":false},"tranzila":{"supplier":"21d2723aba139d84c21fd624c4c9f2d6","requireID":true,"failureURL":"www.fail.com","fields":[{"name":"aaa","element":{"uid":"1621409038388-540-3","label":"txt"}},{"name":"bbb","element":{"uid":"1621409042142-462-4","label":"num"}}],"encryptKey":true},"currency":{"code":"USD","name":"$ Dollars","symbol":"$"},"billingAddressRequired":true,"shippingAddressRequired":true,"showPrice":true,"dontAllowClose":true,"alloEditForm":true,"paymentSystem":"tranzila","isSetTranzilaVariables":true},"salesforceOutboundButton":{"platform":"prod","enabled":true,"sfItemSobject":"Lead","mapRecordID":"1621409878254-822-15","isShowMiniMenu":true},"autoPDFSettings":{"enabled":false,"autoFit":true,"isLandscape":true,"customFileName":"file1","notifyOwner":true,"notifyAdditional":true,"uponPaymentOnly":true},"mappingFields":{"fontSize":"33","color":"#000F22","spaceBetweenSlides":30,"baseSize":{"fontSize":14},"enabled":false,"defaultZoom":100,"condition":{"enabled":true,"enablePageCondition":true},"interactive":{},"buttons":{"continue":"Finish1","close":"Cancel1","preview":"Preview1","Signature":"Click here to sign1","FileUpload":"Click here to upload a file1","customFileName":"sssss"},"previewBeforeSubmit":true,"allowDownload":true,"autoDownload":true,"printPageNumber":true,"isLandscape":true,"printAndSave":true,"pdfFormat":"Letter","autoPreview":true,"fullSizePreview":true,"comment":"adasdasd","hideSubmitButton":true,"hideCancelButton":true,"outputFormat":"jpg","ignoreValidationOnPreview":true,"forceValidationOnSubmit":true,"customZoom":{"Desktop":"100","Tablet":"100","Mobile":"100","Mini":"100"},"notifyOwner":true,"notifyAdditional":true,"previewCondition":{"enabled":true},"uponPaymentOnly":true,"pages":[{"mappingElements":[{"label":"txt","uid":"1621409038388-540-3","type":"element","fieldType":"Textbox","id":1,"position":{"top":286,"left":6},"basePosition":{"top":286,"left":6},"baseSize":{"width":222,"height":50},"size":{"width":222,"height":50}},{"label":"num","uid":"1621409042142-462-4","type":"element","fieldType":"Numeric","id":2,"position":{"top":286,"left":661},"basePosition":{"top":286,"left":661},"baseSize":{"width":222,"height":50},"size":{"width":222,"height":50},"justify":"middle","isRTL":true}],"imagePath":"1046597_1_1621410597238_baseMapping_ver2.png","id":1,"uid":"1621410597517-841-1","baseSize":{"width":2079,"height":600},"sizeInContainer":{"width":2079,"height":600}},{"mappingElements":[{"label":"Regular string calculated","uid":"1621409056979-265-5","type":"element","fieldType":"Calculated","id":1,"position":{"top":33,"left":113},"basePosition":{"top":33,"left":113},"baseSize":{"width":264.2,"height":75},"size":{"width":264.2,"height":75}},{"label":"lookup","uid":"1621409255078-506-11","type":"element","fieldType":"Lookup","id":2,"position":{"top":178,"left":82},"basePosition":{"top":178,"left":82},"baseSize":{"width":264.2,"height":75},"size":{"width":264.2,"height":75}}],"imagePath":"1046597_2_1621410735027_baseMapping_ver2.png","id":2,"uid":"1621410735247-238-2","baseSize":{"width":2043,"height":1287},"sizeInContainer":{"width":2043,"height":1287}}],"dynamicMode":false,"removeBorder":true,"dynamicHtmlMapping":"<p>asdfsadfasdf</p>\n<table style=\"border-collapse: collapse; width: 100%; height: 90px;\" border=\"1\">\n<tbody>\n<tr style=\"height: 18px;\">\n<td style=\"width: 16.6667%; height: 18px;\">&nbsp;</td>\n<td style=\"width: 16.6667%; height: 18px;\">&nbsp;</td>\n<td style=\"width: 16.6667%; height: 18px;\">&nbsp;</td>\n<td style=\"width: 16.6667%; height: 18px;\">&nbsp;</td>\n<td style=\"width: 16.6667%; height: 18px;\">&nbsp;</td>\n<td style=\"width: 16.6667%; height: 18px;\">&nbsp;</td>\n</tr>\n<tr style=\"height: 18px;\">\n<td style=\"width: 16.6667%; height: 18px;\"><span class=\"pdf-mapping-element\" data-id=\"1621409038388-540-3\" data-type=\"element\">txt</span>&nbsp;</td>\n<td style=\"width: 16.6667%; height: 18px;\">&nbsp;</td>\n<td style=\"width: 16.6667%; height: 18px;\"><span class=\"pdf-mapping-element\" data-id=\"1621409560439-24-12\" data-type=\"element\">Address</span>&nbsp;</td>\n<td style=\"width: 16.6667%; height: 18px;\">&nbsp;</td>\n<td style=\"width: 16.6667%; height: 18px;\">&nbsp;</td>\n<td style=\"width: 16.6667%; height: 18px;\">&nbsp;</td>\n</tr>\n<tr style=\"height: 18px;\">\n<td style=\"width: 16.6667%; height: 18px;\">&nbsp;</td>\n<td style=\"width: 16.6667%; height: 18px;\">&nbsp;</td>\n<td style=\"width: 16.6667%; height: 18px;\">&nbsp;</td>\n<td style=\"width: 16.6667%; height: 18px;\">&nbsp;</td>\n<td style=\"width: 16.6667%; height: 18px;\">&nbsp;</td>\n<td style=\"width: 16.6667%; height: 18px;\">&nbsp;</td>\n</tr>\n<tr style=\"height: 18px;\">\n<td style=\"width: 16.6667%; height: 18px;\">&nbsp;</td>\n<td style=\"width: 16.6667%; height: 18px;\"><span class=\"pdf-mapping-element\" data-id=\"1621409072095-110-7\" data-type=\"element\">JS Calculated</span>&nbsp;</td>\n<td style=\"width: 16.6667%; height: 18px;\">&nbsp;</td>\n<td style=\"width: 16.6667%; height: 18px;\">&nbsp;</td>\n<td style=\"width: 16.6667%; height: 18px;\">&nbsp;</td>\n<td style=\"width: 16.6667%; height: 18px;\">&nbsp;</td>\n</tr>\n<tr style=\"height: 18px;\">\n<td style=\"width: 16.6667%; height: 18px;\">&nbsp;</td>\n<td style=\"width: 16.6667%; height: 18px;\">&nbsp;</td>\n<td style=\"width: 16.6667%; height: 18px;\">&nbsp;</td>\n<td style=\"width: 16.6667%; height: 18px;\">&nbsp;</td>\n<td style=\"width: 16.6667%; height: 18px;\">&nbsp;</td>\n<td style=\"width: 16.6667%; height: 18px;\">&nbsp;</td>\n</tr>\n</tbody>\n</table>","pager":{"align":"right","label":"Page"},"dynamicPages":[{"text":"<p>asdfsadfasdf</p>\n<table style=\"border-collapse: collapse; width: 100%; height: 90px;\" border=\"1\">\n<tbody>\n<tr style=\"height: 18px;\">\n<td style=\"width: 16.6667%; height: 18px;\">&nbsp;</td>\n<td style=\"width: 16.6667%; height: 18px;\">&nbsp;</td>\n<td style=\"width: 16.6667%; height: 18px;\">&nbsp;</td>\n<td style=\"width: 16.6667%; height: 18px;\">&nbsp;</td>\n<td style=\"width: 16.6667%; height: 18px;\">&nbsp;</td>\n<td style=\"width: 16.6667%; height: 18px;\">&nbsp;</td>\n</tr>\n<tr style=\"height: 18px;\">\n<td style=\"width: 16.6667%; height: 18px;\"><span class=\"pdf-mapping-element\" data-id=\"1621409038388-540-3\" data-type=\"element\">txt</span>&nbsp;</td>\n<td style=\"width: 16.6667%; height: 18px;\">&nbsp;</td>\n<td style=\"width: 16.6667%; height: 18px;\"><span class=\"pdf-mapping-element\" data-id=\"1621409560439-24-12\" data-type=\"element\">Address</span>&nbsp;</td>\n<td style=\"width: 16.6667%; height: 18px;\">&nbsp;</td>\n<td style=\"width: 16.6667%; height: 18px;\">&nbsp;</td>\n<td style=\"width: 16.6667%; height: 18px;\">&nbsp;</td>\n</tr>\n<tr style=\"height: 18px;\">\n<td style=\"width: 16.6667%; height: 18px;\">&nbsp;</td>\n<td style=\"width: 16.6667%; height: 18px;\">&nbsp;</td>\n<td style=\"width: 16.6667%; height: 18px;\">&nbsp;</td>\n<td style=\"width: 16.6667%; height: 18px;\">&nbsp;</td>\n<td style=\"width: 16.6667%; height: 18px;\">&nbsp;</td>\n<td style=\"width: 16.6667%; height: 18px;\">&nbsp;</td>\n</tr>\n<tr style=\"height: 18px;\">\n<td style=\"width: 16.6667%; height: 18px;\">&nbsp;</td>\n<td style=\"width: 16.6667%; height: 18px;\"><span class=\"pdf-mapping-element\" data-id=\"1621409072095-110-7\" data-type=\"element\">JS Calculated</span>&nbsp;</td>\n<td style=\"width: 16.6667%; height: 18px;\">&nbsp;</td>\n<td style=\"width: 16.6667%; height: 18px;\">&nbsp;</td>\n<td style=\"width: 16.6667%; height: 18px;\">&nbsp;</td>\n<td style=\"width: 16.6667%; height: 18px;\">&nbsp;</td>\n</tr>\n<tr style=\"height: 18px;\">\n<td style=\"width: 16.6667%; height: 18px;\">&nbsp;</td>\n<td style=\"width: 16.6667%; height: 18px;\">&nbsp;</td>\n<td style=\"width: 16.6667%; height: 18px;\">&nbsp;</td>\n<td style=\"width: 16.6667%; height: 18px;\">&nbsp;</td>\n<td style=\"width: 16.6667%; height: 18px;\">&nbsp;</td>\n<td style=\"width: 16.6667%; height: 18px;\">&nbsp;</td>\n</tr>\n</tbody>\n</table>","id":"1621410844801-294-16","uid":"1621410844801-294-16"},{"text":"<p>page 2 , page 2 deleted</p>\n<p><span class=\"pdf-mapping-element\" data-id=\"SubmissionHeaderUpdatedDateTime\" data-type=\"standart\">submissionHeaderUpdatedDateTime</span>&nbsp;</p>","id":"1621410900227-788-1","uid":"1621410900227-788-1"}],"documentBreaks":{"allowSplitPage":true,"countPerPage":2,"restPages":"2"}},"wordMapping":{"labels":{"preview":"Preview1","continue":"Continue1","close":"Close1","clickHere":"Click to sign1","dropLabel":"Drop signature image here to upload1","loading":"Document is loading1","title":"New signature1","drawSignature":"Draw new Signature1","confirm":"Confirm1","cancel":"Cancel1","error":"Signature is mandatory1"},"enabled":true,"version":2,"documentClientName":"Org With Pets.docx","documentName":"1046597_wordMapping.docx","templateName":"1046597_wordTemplateMapping.docx","query":[{"prettyName":"Contact - Main Contact","comment":"Main Contact","uid":"Object259a9be0d883447995065124b97742df","name":"Contact","conditions":[{"field":"Id","condition":"equals","value":{"type":{"type":"RecordID","key":"RecordID","text":"RecordID"},"value":""},"bracket":"","postCondition":""}],"returnRows":"first","limit":1,"fields":["Id","Name","LastName","FirstName","Title","AccountId","Email"],"Images":{},"refs":[{"name":"AccountId","settings":[{"field_name":"Name","name":"Account","polymorphic":false,"relationshipName":"Account","type":"string"}],"customParseField":null},{"name":"AccountId","settings":[{"field_name":"Type","name":"Account","polymorphic":false,"relationshipName":"Account","type":"picklist"}],"customParseField":null},{"name":"AccountId","settings":[{"field_name":"Industry","name":"Account","polymorphic":false,"relationshipName":"Account","type":"picklist"}],"customParseField":null},{"name":"AccountId","settings":[{"field_name":"Fax","name":"Account","polymorphic":false,"relationshipName":"Account","type":"phone"}],"customParseField":null},{"name":"AccountId","settings":[{"field_name":"Account_Email__c","name":"Account","polymorphic":false,"relationshipName":"Account","type":"email"}],"customParseField":null},{"name":"AccountId","settings":[{"field_name":"Phone","name":"Account","polymorphic":false,"relationshipName":"Account","type":"phone"}],"customParseField":null}],"customParseField":{}},{"prettyName":"Family_Member__c - My Family Members","comment":"My Family Members","uid":"Object3699dd1d9b1b4b529b64432a5ae94d4d","name":"Family_Member__c","conditions":[],"returnRows":"all","limit":50,"fields":["Id","First_Name__c","Last_Name__c","Relationship__c"],"Images":{},"refs":[],"customParseField":{}},{"prettyName":"Pet__c - My Pets","comment":"My Pets","uid":"Objectf36e0183c5234d56b05e0897c22ab9ed","name":"Pet__c","conditions":[],"returnRows":"all","limit":50,"fields":["Id","Animal_Type__c","Name","Birthday__c"],"Images":{},"refs":[],"customParseField":{}}],"recordID":"1621409878254-822-15","previewBeforeSubmit":true,"autoPreview":false,"previewWith":"titan","autoDownload":true,"hideSubmitButton":false,"hideCancelButton":false,"outputFormat":"pdf","typeOfConvert":"titan","ignoreValidationOnPreview":true,"forceValidationOnSubmit":true,"customFileName":"zsdasda","notifyOwner":true,"notifyAdditional":true,"condition":{"enabled":true},"uponPaymentOnly":true,"enabledSignature":true,"converForSignWith":"titan","mandatorySignature":true,"customSignatureSize":{"enabled":true,"width":"222","height":"222","fontSize":"12"}},"excelMapping":{"labels":{"preview":"Preview1","continue":"Continue1","close":"Close1","clickHere":"Click to sign","dropLabel":"Drop signature image here to upload","loading":"Document is loading","title":"New signature","drawSignature":"Draw new Signature","confirm":"Confirm","cancel":"Cancel","error":"Signature is mandatory"},"version":2,"documentClientName":"Simple Excel Template.xlsx","enabled":true,"recordID":"1621409878254-822-15","previewBeforeSubmit":true,"autoPreview":false,"previewWith":"Google","autoDownload":true,"hideSubmitButton":false,"forceValidationOnSubmit":false,"hideCancelButton":false,"ignoreValidationOnPreview":false,"customFileName":"sdfasdf","isDynamicName":true,"dynamicName":"1621409878254-822-15","notifyOwner":true,"notifyAdditional":true,"condition":{"enabled":true},"documentName":"1046597_excelMapping.xlsx","templateName":"1046597_excelTemplateMapping.xlsx","query":[{"prettyName":"Account - ","comment":"","uid":"Objectc2af36ff566546139249c8ee1272d0c9","name":"Account","conditions":[{"bracket":"","condition":"equals","field":"Id","postCondition":"","value":{"type":{"key":"RecordID","text":"RecordID","type":"RecordID"},"value":""}}],"ordering":{"fields":[{"field":{"name":"Id"},"type":"desc"}],"isEnable":false},"returnRows":"first","limit":1,"fields":["Name","Account_Email__c","BillingCity","BillingCountry","Id"],"Images":{},"refs":[],"customParseField":{}},{"prettyName":"Contact - ","comment":"","uid":"Object46f4f6cb731a4b288accea2992e5ec9a","name":"Contact","conditions":[],"ordering":{"isEnable":false,"fields":[{"field":{"name":"Id"},"type":"desc"}]},"returnRows":"all","limit":100,"fields":["FirstName","LastName","Email","MailingCountry"],"Images":{},"refs":[],"customParseField":{}}]}}