{"name":"FormGitTest1","title":"Form Title","description":"","new_editor":true,"show_title_description":true,"showHeader":false,"showFooter":false,"lang":1,"columns":1,"status":true,"template":0,"limits":0,"fldIndex":1,"captcha":false,"IpTracking":true,"post_data_url":"","send_mail":true,"elements":[[{"FieldTypeName":"Button","properties":{"type":{"title":"Button Type:","type":"select","value":"submit","options":["submit","reset","print","draft","dummy","Salesforce Action","Visual Composer","Go Prev","Go Next","Go to page","Reset signature","Modal signature","Condition","SmartV Logout","Redirect","SSO Logout","XML Parser","Twilio","Close Twilio","Refresh Location","Barcode Scanner"]},"align":{"title":"Button align","type":"select","value":"auto","options":["auto","left","center","right"]},"user_tip":{"title":"User tip","type":"text","value":""},"img_btn_url":{"title":"Choose BackGround Image","type":"imageBackground","value":"","src":""},"default":{"title":"Button text","type":"text","value":"Submit"},"admin_field_only":{"title":"Admin Field","type":"checkbox","value":false},"unique_value":{"title":"Unique value","type":"checkbox","value":false},"confirmation_mode":{"title":"Confirmation mode","type":"checkbox","value":false},"onclick_action":{"title":"On click action","type":"checkbox","value":false},"prop_disabled":{"value":true},"field_id":{"value":true,"id":"fld1"},"styles":{"Container-1621408860730-407-1":{"options":{"top":311,"left":648}}},"page":1},"FieldTypeIsLabelAssociated":0,"FieldTypeIsDataContainer":0,"FieldTypeConditionType":null,"uid":"1621408860730-407-1","visible":"show","className":"Button-1621408860730-407-1","classUID":"1621408860730-407-1","storedSize":{"styles":{"width":250,"height":40}},"hidePreview":false}],[],[],[]],"customEmailToFormOwner":{"isCustomEmailToFormOwner":false,"expression":"","expression_text":""},"additionalEmails":false,"customEmailFormat":{"isCustomEmail":false,"expression":"","expression_text":""},"isReplyToEmail":false,"replyToEmail":"","additionalEmailsList":"","additional_mails":"","custom_mail_format":"","redirect_url":"","redirectToUrl":false,"confirmation_text":"","confirmationText":true,"form_time_zone":2,"auto_translation":false,"delete_button_with_confirmation":"","user_notice":false,"unique_submission":false,"quota_limit":false,"quota_limit_count":0,"availableDateFrom":"2021-05-19T07:11:40.580Z","availableDateTo":"2021-05-19T07:11:40.580Z","availableFromTo":false,"disable":false,"acceleration":false,"chats":false,"heatmap":false,"randomize":false,"save2db":false,"autotranslate":false,"google_prediction":false,"geo_ip":false,"abTestingEnable":false,"typeOfForm":-1,"rules":[],"valueRule":[],"formUrlExtension":"ftd7546ade1621408860059","validIndicator":true,"errorIndicator":true,"dontSaveData":false,"generateBarCode":false,"usability":false,"seo":{"title":"","description":"","keywords":""},"submit":{"value":"Submit Form"},"securedLogo":false,"autocorrectForMobile":false,"customSubject":{"expression":null,"expression_text":null,"showEditor":false},"customHeader":{"expression":null,"expression_text":null,"showEditor":false},"customFooter":{"expression":null,"expression_text":null,"showEditor":false},"direction":{"isChecked":false,"value":"ltr"},"styles":{},"panelSettings":{"toolbar":{"isHide":true}},"PageBreak":{"header":"","footer":""},"ver":2,"abTestingConfig":{"forms":[]},"footer":{"elements":[{"FieldTypeName":"Button","properties":{"type":{"title":"Button Type:","type":"select","value":"submit","options":["submit","reset","print","draft","dummy","Salesforce Action","Visual Composer","Go Prev","Go Next","Go to page","Reset signature","Modal signature","Condition","SmartV Logout","Redirect","SSO Logout","XML Parser","Twilio","Close Twilio","Refresh Location","Barcode Scanner"]},"align":{"title":"Button align","type":"select","value":"auto","options":["auto","left","center","right"]},"user_tip":{"title":"User tip","type":"text","value":""},"img_btn_url":{"title":"Choose BackGround Image","type":"imageBackground","value":"","src":""},"default":{"title":"Button text","type":"text","value":"Submit"},"admin_field_only":{"title":"Admin Field","type":"checkbox","value":false},"unique_value":{"title":"Unique value","type":"checkbox","value":false},"confirmation_mode":{"title":"Confirmation mode","type":"checkbox","value":false},"onclick_action":{"title":"On click action","type":"checkbox","value":false},"prop_disabled":{"value":true},"field_id":{"value":true}}}],"sortableOptions":{"connectWith":".elements-list","placeholder":"placeholder-element","handle":".formElementHandle,#moveElement,.form-element","appendTo":"body","revert":"invalid","revertDuration":800,"scroll":false,"cursor":"move","delay":150}},"testing":{"list":[{"value":0,"label":"item1"},{"value":1,"label":"item2"}]},"analytics":{"viewID":""},"personalization":{"language":{"code":"en","name":"English","nativeName":"English"},"timezone":{},"geolocation":false,"submitMsg":"Submitting your form ...","showOptionalLabel":{"value":false,"label":"(Optional)"},"showMandatoryExplanation":{"value":false,"text":"* is mandatory field"}},"autofilter":false,"currentDevice":"Desktop","pagerCount":0,"enabledVersions":true,"formVersionSettings":{"isUseGit":true,"repo":"FormGitTest1","branch":"main"},"ruller":{"leftLines":{},"topLines":{}},"ThemeID":511912,"isValidRule":0,"croNotifycation":{"cro":15},"ownrUrlExtension":"yairktitandemo","id":1046597,"selectedFieldTypesList":{},"isCached":false,"isCachedHQImage":false}